City ID,City,Cloudiness,Country,Date,Humidity,Lat,Lon,Max Temp,Wind Speed
2980080,Saint-François,96,FR,1597839556,33,46.42,3.91,87.8,9.17
6201424,Mataura,90,NZ,1597839556,95,-46.19,168.86,45.0,1.01
3466704,Castro,100,BR,1597839432,96,-24.79,-50.01,53.85,5.28
3445026,Vila Velha,20,BR,1597839408,78,-20.33,-40.29,78.01,10.29
5848280,Kapaa,40,US,1597839557,78,22.08,-159.32,78.8,12.75
2156643,Mount Gambier,40,AU,1597839557,87,-37.83,140.77,46.4,10.29
2015913,Suntar,95,RU,1597839557,51,62.14,117.63,61.07,1.34
3466165,Cidreira,75,BR,1597839557,88,-30.18,-50.21,60.3,10.04
3445162,Vespasiano,20,BR,1597839558,72,-19.69,-43.92,68.0,3.36
546105,Nikolskoye,0,RU,1597839558,43,59.7,30.79,71.6,6.71
6620339,Karratha,6,AU,1597839558,46,-20.74,116.85,71.53,4.83
2729907,Longyearbyen,75,SJ,1597839559,65,78.22,15.64,46.4,10.29
3833367,Ushuaia,90,AR,1597839324,94,-54.8,-68.3,32.0,8.05
1255816,Sompeta,100,IN,1597839559,81,18.93,84.6,83.71,10.6
934479,Grand Gaube,9,MU,1597839559,64,-20.01,57.66,73.99,11.99
4020109,Atuona,3,PF,1597839559,76,-9.8,-139.03,78.44,22.73
3874787,Punta Arenas,100,CL,1597839560,84,-53.15,-70.92,37.4,20.8
5106841,Albany,71,US,1597839560,79,42.6,-73.97,62.01,2.08
2155415,New Norfolk,90,AU,1597839560,88,-42.78,147.06,46.99,2.3
5861897,Fairbanks,90,US,1597839312,82,64.84,-147.72,55.4,6.93
1174220,Khanewal,40,PK,1597839561,48,30.3,71.93,104.0,11.41
964432,Port Alfred,86,ZA,1597839561,72,-33.59,26.89,56.01,20.13
1735106,George Town,20,MY,1597839561,70,5.41,100.34,87.8,2.24
3369157,Cape Town,40,ZA,1597839561,51,-33.93,18.42,64.0,9.17
1176048,Jati,66,PK,1597839562,58,24.35,68.27,93.29,20.94
3831208,Qaanaaq,99,GL,1597839307,75,77.48,-69.36,45.18,5.88
2163355,Hobart,75,AU,1597839372,76,-42.88,147.33,48.2,6.93
1282256,Hithadhoo,16,MV,1597839562,72,-0.6,73.08,84.07,7.02
3571913,Marsh Harbour,15,BS,1597839562,76,26.54,-77.06,83.64,12.35
7671223,Kloulklubed,75,PW,1597839563,88,7.04,134.26,78.8,3.36
3598787,Champerico,79,GT,1597839563,78,14.3,-91.92,77.45,4.41
3366880,Hermanus,5,ZA,1597839563,55,-34.42,19.23,61.0,5.01
4030556,Rikitea,75,PF,1597839564,80,-23.12,-134.97,71.51,5.21
1185239,Sarankhola,100,BD,1597839564,91,22.31,89.79,79.84,8.32
3424607,Tasiilaq,20,GL,1597839564,40,65.61,-37.64,51.8,14.99
1272864,Dhārchula,100,IN,1597839565,75,29.85,80.53,74.28,2.71
360630,Cairo,0,EG,1597839565,40,30.06,31.25,89.6,6.93
2276492,Harper,65,LR,1597839565,77,4.38,-7.72,79.77,11.79
4032243,Vaini,75,TO,1597839565,94,-21.2,-175.2,73.4,6.93
5969025,Haines Junction,83,CA,1597839566,82,60.75,-137.51,41.38,1.68
1791779,Wanning,98,CN,1597839566,84,18.8,110.4,81.97,6.55
2071860,Esperance,90,AU,1597839566,100,-33.87,121.9,50.0,5.82
2112802,Hasaki,40,JP,1597839566,88,35.73,140.83,77.0,4.7
3175096,Laas,40,IT,1597839566,37,46.62,10.7,68.0,5.82
2062381,Robe,48,AU,1597839567,70,-37.18,139.75,52.43,25.88
2070998,Geraldton,96,AU,1597839567,81,-28.77,114.6,53.6,5.82
5847411,Kahului,1,US,1597839567,65,20.89,-156.47,77.0,12.75
55671,Kismayo,54,SO,1597839567,67,-0.36,42.55,81.68,17.29
3652764,Puerto Ayora,95,EC,1597839568,97,-0.74,-90.35,64.99,5.01
2214432,Nālūt,0,LY,1597839568,8,30.33,10.85,105.67,2.68
1649150,Bengkulu,66,ID,1597839281,78,-3.8,102.27,80.19,0.49
6167817,Torbay,90,CA,1597839568,100,47.67,-52.73,64.4,6.93
4036284,Alofi,98,NU,1597839568,100,-19.06,-169.92,75.2,11.41
1519938,Karatau,0,KZ,1597839569,12,43.17,70.47,86.27,10.56
5261790,Marathon,20,US,1597839569,100,44.9,-89.77,55.99,1.39
3354077,Opuwo,0,NA,1597839569,14,-18.06,13.84,80.02,9.51
2110227,Butaritari,64,KI,1597839569,75,3.07,172.79,83.37,8.39
3412093,Vestmannaeyjar,75,IS,1597839569,87,63.44,-20.27,48.2,26.4
553766,Kamenka,67,RU,1597839569,33,51.32,42.77,81.0,8.01
523392,Naryan-Mar,94,RU,1597839369,71,67.67,53.09,62.42,11.25
2022572,Khatanga,29,RU,1597839570,59,71.97,102.5,54.57,15.79
3451138,Rio Grande,90,BR,1597839570,93,-32.03,-52.1,53.01,11.41
3393692,Itarema,69,BR,1597839570,63,-2.92,-39.92,83.25,19.77
2618795,Klaksvík,100,FO,1597839570,66,62.23,-6.59,55.4,9.17
3423146,Ilulissat,40,GL,1597839571,43,69.22,-51.1,50.0,2.24
6170031,Tuktoyaktuk,88,CA,1597839571,90,69.45,-133.04,42.51,15.55
933141,Ramotswa,0,BW,1597839572,9,-24.87,25.87,62.6,11.41
5122534,Jamestown,40,US,1597839572,87,42.1,-79.24,57.2,3.36
1651810,Airai,90,TL,1597839573,100,-8.93,125.41,57.43,1.5
2522325,Agüimes,20,ES,1597839573,58,27.91,-15.45,82.4,27.51
2075265,Busselton,16,AU,1597839573,71,-33.65,115.33,53.01,5.39
1283285,Jumla,100,NP,1597839304,69,29.27,82.18,68.76,2.55
3013748,Hauterive,90,FR,1597839574,37,46.09,3.45,87.8,3.36
1701054,Marawi,98,PH,1597839574,84,8.0,124.29,80.01,5.99
2112309,Katsuura,86,JP,1597839574,82,35.13,140.3,84.0,5.73
3163146,Andenes,75,NO,1597839574,76,69.31,16.12,53.6,12.75
4791259,Virginia Beach,75,US,1597839359,94,36.85,-75.98,77.0,4.7
4985180,Bay City,90,US,1597839278,87,43.59,-83.89,57.0,4.7
3386177,Trairi,63,BR,1597839575,61,-3.28,-39.27,83.77,16.8
3580733,Bodden Town,20,KY,1597839575,83,19.28,-81.25,84.99,4.97
2381972,Adrar,10,MR,1597839575,9,20.5,-10.07,103.14,7.2
3674292,Mosquera,75,CO,1597839575,100,4.71,-74.23,51.8,3.36
3622716,Nicoya,53,CR,1597839576,91,10.15,-85.45,74.64,1.79
1015776,Bredasdorp,29,ZA,1597839576,48,-34.53,20.04,60.8,2.24
2122090,Pevek,91,RU,1597839576,72,69.7,170.31,43.0,2.84
3654667,Loja,72,EC,1597839576,72,-3.99,-79.2,66.2,2.24
2429296,Laï,100,TD,1597839577,83,9.4,16.3,78.28,3.85
2206939,Bluff,82,NZ,1597839577,95,-46.6,168.33,45.0,1.01
5866583,Saint Paul Harbor,83,US,1597839577,83,57.79,-152.41,52.65,4.59
310855,Kâhta,0,TR,1597839577,11,37.79,38.62,98.6,11.41
1106677,Bambous Virieux,40,MU,1597839577,60,-20.34,57.76,75.2,17.22
4673258,Beeville,1,US,1597839346,100,28.4,-97.75,75.99,4.32
2132606,Samarai,97,PG,1597839578,70,-10.62,150.67,75.24,7.61
2865716,Neuenhagen,13,DE,1597839578,58,52.53,13.69,82.0,6.11
107304,Buraidah,0,SA,1597839578,14,26.33,43.98,104.0,6.93
2021031,Kyren,26,RU,1597839579,60,51.68,102.14,68.56,1.79
53372,Oodweyne,98,SO,1597839579,47,9.41,45.06,81.63,23.4
2063036,Port Lincoln,10,AU,1597839579,76,-34.73,135.87,53.11,15.73
556268,Ostrovnoy,27,RU,1597839579,62,68.05,39.51,56.66,8.77
477579,Uyemskiy,75,RU,1597839580,51,64.47,40.85,60.8,8.95
6453319,Harstad,75,NO,1597839580,67,68.8,16.53,57.2,18.34
287286,Muscat,5,OM,1597839347,84,23.61,58.59,87.8,12.75
6089245,Norman Wells,75,CA,1597839580,93,65.28,-126.83,51.8,2.46
3418910,Upernavik,90,GL,1597839580,63,72.79,-56.15,49.82,3.04
6185377,Yellowknife,75,CA,1597839580,82,62.46,-114.35,59.0,9.17
2126199,Cherskiy,46,RU,1597839581,88,68.75,161.3,40.19,5.19
3372760,Praia da Vitória,75,PT,1597839581,56,38.73,-27.07,73.4,13.11
1621313,Ambulu,17,ID,1597839581,85,-8.35,113.61,74.32,7.09
2641434,Northam,100,GB,1597839581,83,51.03,-4.22,72.0,11.99
2128975,Nemuro,1,JP,1597839581,90,43.32,145.57,66.78,6.93
2020841,Leninskoye,24,RU,1597839582,65,47.94,132.62,56.93,9.04
895057,Binga,0,ZW,1597839582,20,-17.62,27.34,86.58,2.24
3472473,Alto Araguaia,0,BR,1597839582,23,-17.31,-53.22,82.31,9.64
5563839,Fortuna,91,US,1597839583,95,40.6,-124.16,55.0,3.27
1714733,Dingle,100,PH,1597839583,92,11.0,122.67,76.32,4.27
3860259,Córdoba,84,AR,1597839327,36,-31.41,-64.18,46.0,19.46
779554,Honningsvåg,72,NO,1597839583,76,70.98,25.97,55.87,8.19
2136825,Isangel,31,VU,1597839583,75,-19.55,169.27,67.69,5.57
3899695,Ancud,0,CL,1597839583,92,-41.87,-73.82,33.01,4.7
6144312,Sept-Îles,75,CA,1597839584,93,50.2,-66.38,61.0,9.17
315639,Emet,0,TR,1597839584,19,39.34,29.26,89.08,6.55
1006984,East London,40,ZA,1597839584,48,-33.02,27.91,60.8,19.46
5880054,Barrow,90,US,1597839584,93,71.29,-156.79,39.2,10.29
286621,Salalah,75,OM,1597839584,88,17.02,54.09,80.6,8.05
1583992,Turan,40,VN,1597839377,94,16.07,108.22,77.0,3.36
2122262,Palana,100,RU,1597839585,95,59.12,159.97,51.33,4.79
934322,Mahébourg,40,MU,1597839585,60,-20.41,57.7,75.2,17.22
3933986,Orcopampa,74,PE,1597839586,57,-15.27,-72.34,41.05,4.25
3670218,San Andrés,75,CO,1597839501,88,12.58,-81.7,80.6,6.93
5975503,Hinton,57,CA,1597839586,72,53.4,-117.59,52.05,1.48
2017155,Saskylakh,39,RU,1597839586,61,71.92,114.08,46.11,6.24
935215,Saint-Philippe,90,RE,1597839587,53,-21.36,55.77,77.0,3.36
2077895,Alice Springs,43,AU,1597839587,22,-23.7,133.88,59.0,1.12
3167520,Santa Marinella,25,IT,1597839587,43,42.03,11.85,84.99,14.34
3691954,Sechura,98,PE,1597839587,81,-5.56,-80.82,61.92,11.27
5110365,Broome,1,US,1597839587,87,42.25,-75.83,57.99,5.82
2121385,Severo-Kuril'sk,100,RU,1597839588,92,50.68,156.12,50.18,16.28
3932145,Pisco,90,PE,1597839382,87,-13.7,-76.22,60.8,3.36
2123814,Leningradskiy,31,RU,1597839588,56,69.38,178.42,47.3,10.07
3628473,San Cristobal,40,VE,1597839588,83,7.77,-72.22,75.2,2.24
2155562,Nelson Bay,40,AU,1597839589,38,-32.72,152.15,60.8,25.28
1631905,Payakumbuh,96,ID,1597839589,88,-0.22,100.63,73.92,1.54
6162951,Terrace Bay,90,CA,1597839581,100,48.78,-87.1,48.2,2.24
5546220,Saint George,1,US,1597839589,28,37.1,-113.58,82.4,9.17
762643,Parczew,40,PL,1597839590,73,51.64,22.9,75.99,5.82
3703239,Pedasí,100,PA,1597839590,82,7.53,-80.03,78.58,3.47
625367,Masty,75,BY,1597839590,73,53.41,24.54,71.6,2.24
3421193,Paamiut,0,GL,1597839590,64,61.99,-49.67,46.8,9.69
5855927,Hilo,1,US,1597839591,78,19.73,-155.09,71.6,6.93
463516,Zharkovskiy,100,RU,1597839546,60,55.85,32.27,66.9,7.09
3984997,San Quintín,0,MX,1597839591,78,30.48,-115.95,73.58,4.0
1164306,Surab,5,PK,1597839591,19,28.49,66.26,89.33,18.1
2377457,Nouadhibou,12,MR,1597839592,69,20.93,-17.03,77.0,20.8
3868308,Vicuña,100,CL,1597839592,77,-30.03,-70.71,43.0,0.72
5282297,Bethel,90,US,1597839592,93,41.37,-73.41,63.0,2.42
882100,Rusape,1,ZW,1597839593,23,-18.53,32.13,81.05,10.98
2120591,Tilichiki,100,RU,1597839593,91,60.47,166.1,46.85,5.35
3546791,Moa,8,CU,1597839594,84,20.66,-74.94,81.23,6.98
1529484,Kumul,26,CN,1597839594,14,42.8,93.45,94.39,21.3
1337618,Manadhoo,80,MV,1597839594,68,5.77,73.38,83.3,9.26
6148373,Sioux Lookout,75,CA,1597839594,93,50.1,-91.92,60.8,6.93
1855342,Nishihara,20,JP,1597839594,74,26.18,127.76,86.0,8.05
3579925,St. George's,81,GD,1597839438,78,12.06,-61.75,82.0,14.56
2094027,Kieta,42,PG,1597839594,74,-6.22,155.63,79.65,0.63
5746545,Portland,1,US,1597839093,77,45.52,-122.68,62.01,0.72
5955902,Fort Nelson,90,CA,1597839444,100,58.81,-122.7,50.0,2.24
5367788,Lompoc,1,US,1597839595,82,34.64,-120.46,64.99,1.5
4035715,Avarua,56,CK,1597839595,81,-21.21,-159.78,73.8,27.27
3416888,Grindavik,90,IS,1597839595,100,63.84,-22.43,50.0,9.17
2012530,Zhigansk,6,RU,1597839595,55,66.77,123.37,48.24,19.08
2174444,Bowen,0,AU,1597839595,88,-20.02,148.23,70.0,12.75
1640344,Kendari,16,ID,1597839596,76,-3.94,122.5,74.39,4.76
3897347,Calama,0,CL,1597839596,39,-22.47,-68.93,30.2,5.82
3444105,San Matías,0,BO,1597839596,23,-16.37,-58.4,87.1,7.11
2264557,Ponta do Sol,1,PT,1597839596,61,32.67,-17.1,77.0,7.14
3460087,Jardim,85,BR,1597839597,86,-21.48,-56.14,70.77,7.23
1337607,Kudahuvadhoo,87,MV,1597839597,63,2.67,72.89,83.57,3.53
2122605,Okhotsk,100,RU,1597839597,83,59.38,143.3,53.76,12.33
964420,Port Elizabeth,75,ZA,1597839598,76,-33.92,25.57,55.4,19.46
1865290,Annaka,92,JP,1597839598,70,36.32,138.9,80.01,3.0
909887,Luangwa,49,ZM,1597839598,18,-15.62,30.42,99.05,5.46
2032201,Bulgan,17,MN,1597839598,77,48.81,103.53,61.52,1.9
1259385,Port Blair,82,IN,1597839598,78,11.67,92.75,82.96,15.1
1819729,Hong Kong,100,HK,1597839470,78,22.29,114.16,82.0,5.99
5364271,Laguna,90,US,1597839599,53,38.42,-121.42,75.99,2.82
3927158,Torata,61,PE,1597839600,42,-17.08,-70.84,52.66,1.61
3388847,São Félix do Xingu,1,BR,1597839600,42,-6.64,-51.99,89.78,1.36
3355672,Lüderitz,0,NA,1597839600,25,-26.65,15.16,68.4,16.37
1267390,Kavaratti,100,IN,1597839600,78,10.57,72.64,82.08,12.01
3445459,Várzea da Palma,0,BR,1597839601,49,-17.6,-44.73,77.92,7.99
3448636,São José dos Campos,16,BR,1597839554,93,-23.18,-45.89,62.6,2.24
3451234,Rio Claro,90,BR,1597839382,100,-22.41,-47.56,69.01,1.12
3430863,Mar del Plata,75,AR,1597839446,93,-38.0,-57.56,46.99,5.82
686090,Asău,98,RO,1597839602,62,46.43,26.4,77.0,4.56
1847947,Shingū,46,JP,1597839602,87,33.73,135.98,78.19,3.29
1517060,Zaysan,56,KZ,1597839602,21,47.47,84.87,79.72,7.47
2122104,Petropavlovsk-Kamchatskiy,90,RU,1597839603,100,53.05,158.65,51.8,11.18
58933,Garoowe,87,SO,1597839603,44,8.41,48.48,86.49,23.71
3141310,Rørvik,75,NO,1597839346,82,64.86,11.24,57.2,9.17
5356012,Healdsburg,90,US,1597839604,63,38.61,-122.87,66.99,3.58
2643044,Margate,100,GB,1597839532,76,51.38,1.39,72.0,5.99
1268540,Kakrāla,100,IN,1597839604,70,27.9,79.2,89.38,6.02
1106643,Quatre Cocos,40,MU,1597839558,60,-20.21,57.76,75.2,17.22
3894426,Coyhaique,39,CL,1597839604,86,-45.58,-72.07,30.2,4.7
1687894,Santa Rosa,99,PH,1597839605,88,14.31,121.11,80.6,5.82
4393451,Kennett,1,US,1597839605,94,36.24,-90.06,68.0,10.29
1214965,Kabanjahe,84,ID,1597839605,96,3.1,98.49,67.51,0.74
2610343,Vestmanna,95,FO,1597839605,66,62.16,-7.17,55.4,9.17
2015306,Tiksi,88,RU,1597839605,90,71.69,128.87,39.2,8.01
2180815,Tuatapere,92,NZ,1597839606,95,-46.13,167.68,44.01,4.41
3860443,Comodoro Rivadavia,0,AR,1597839481,63,-45.87,-67.5,30.2,13.87
777019,Vardø,40,NO,1597839606,51,70.37,31.11,60.8,11.41
5134295,Rome,90,US,1597839606,82,43.21,-75.46,60.8,0.74
2206854,Gisborne,100,NZ,1597839606,99,-38.65,178.0,53.01,1.01
3521972,Panabá,3,MX,1597839607,92,21.28,-88.27,74.57,1.32
1507390,Dikson,0,RU,1597839607,66,73.51,80.55,57.94,10.74
2274275,Robertsport,100,LR,1597839607,85,6.75,-11.37,77.76,15.64
2021613,Krasnorechenskiy,90,RU,1597839607,89,44.63,135.35,59.34,4.97
1244926,Hambantota,20,LK,1597839607,56,6.12,81.12,93.2,17.22
148442,Astara,40,AZ,1597839608,64,38.5,48.67,82.4,16.11
1853174,Sakaiminato,40,JP,1597839608,88,35.55,133.23,82.4,4.7
694812,Sarata,56,UA,1597839608,21,46.02,29.67,86.23,12.33
293842,Kiryat Gat,2,IL,1597839608,55,31.61,34.76,90.0,14.99
3398457,Hidrolândia,60,BR,1597839608,50,-4.41,-40.44,82.36,7.25
3386213,Touros,77,BR,1597839609,78,-5.2,-35.46,77.0,9.17
2090021,Namatanai,81,PG,1597839609,84,-3.67,152.43,79.05,7.76
5882953,Aklavik,40,CA,1597839609,87,68.22,-135.01,46.4,5.82
3355624,Maltahöhe,0,NA,1597839609,27,-24.83,16.98,58.57,18.57
2173911,Broken Hill,40,AU,1597839609,58,-31.95,141.43,53.6,11.41
4031574,Provideniya,97,RU,1597839610,81,64.38,-173.3,50.97,2.59
1280037,Shache,91,CN,1597839365,17,38.42,77.24,88.59,10.67
1259395,Porbandar,100,IN,1597839610,83,21.64,69.61,82.62,20.69
1162959,Umarkot,54,PK,1597839610,47,25.36,69.74,99.01,17.38
6111862,Port Hardy,75,CA,1597839610,100,50.7,-127.42,55.4,5.44
2191562,Dunedin,98,NZ,1597839572,74,-45.87,170.5,53.01,0.29
1167064,Rasulnagar,40,PK,1597839611,66,32.33,73.78,89.6,11.25
5423092,Glenwood Springs,1,US,1597839611,28,39.55,-107.32,59.0,2.26
3372707,Ribeira Grande,40,PT,1597839612,49,38.52,-28.7,73.4,11.41
1513491,Yangi Marg`ilon,19,UZ,1597839487,30,40.43,71.72,86.0,4.7
4031637,Lavrentiya,97,RU,1597839612,88,65.58,-171.0,47.48,1.72
2409914,Bonthe,100,SL,1597839612,83,7.53,-12.51,79.65,15.61
3421765,Nanortalik,0,GL,1597839613,80,60.14,-45.24,47.77,13.24
3471451,Arraial do Cabo,0,BR,1597839359,73,-22.97,-42.03,75.2,16.11
3387130,Sumé,30,BR,1597839613,47,-7.67,-36.88,76.64,15.12
2137773,Vao,0,NC,1597839613,64,-22.67,167.48,69.12,7.76
5392593,San Ramon,1,US,1597839613,64,37.78,-121.98,72.0,3.36
4362001,Mayo,90,US,1597839613,100,38.89,-76.51,71.01,13.87
3354071,Oranjemund,0,NA,1597839613,47,-28.55,16.43,59.25,20.67
3407762,Amapá,41,BR,1597839614,76,1.0,-52.0,80.22,3.85
1498161,Muzhi,92,RU,1597839614,52,65.37,64.67,68.32,19.57
3141332,Røros,16,NO,1597839614,46,62.57,11.38,71.6,8.05
2026786,Berezovyy,23,RU,1597839615,86,51.67,135.7,49.46,2.93
1529660,Aksu,75,CN,1597839615,24,41.12,80.26,85.78,9.71
1337620,Funadhoo,86,MV,1597839615,69,6.15,73.27,83.21,9.84
2633274,Akureyri,100,IS,1597839615,61,65.68,-18.09,50.0,12.75
1273673,Daitari,100,IN,1597839615,92,21.1,85.75,79.3,4.5
2039557,Khasan,86,RU,1597839615,92,42.43,130.64,70.74,5.39
5983720,Iqaluit,90,CA,1597839591,93,63.75,-68.51,42.8,11.41
2126123,Chokurdakh,100,RU,1597839616,96,70.63,147.92,34.68,11.14
5847486,Kailua,1,US,1597839616,69,21.4,-157.74,77.0,9.17
2171099,Codrington,71,AU,1597839616,85,-38.27,141.97,48.7,16.42
3985710,Cabo San Lucas,100,MX,1597839616,90,22.89,-109.91,75.0,15.01
1862505,Hirara,20,JP,1597839617,83,24.8,125.28,82.4,6.93
2656847,Atherton,86,GB,1597839334,73,53.52,-2.49,69.01,5.99
1623197,Tual,30,ID,1597839617,84,-5.67,132.75,78.46,14.72
925789,Mulanje,95,MW,1597839617,22,-16.03,35.5,89.92,3.67
2373951,Canchungo,75,GW,1597839618,88,12.07,-16.03,86.0,6.93
2644210,Liverpool,75,GB,1597839618,88,53.41,-2.98,68.0,13.87
556858,Imeni Babushkina,0,RU,1597839618,41,59.76,43.13,60.49,7.58
1855540,Naze,0,JP,1597839619,83,28.37,129.48,84.2,3.36
2013639,Verkhnevilyuysk,70,RU,1597839619,67,63.45,120.32,53.82,4.38
1519327,Shakhtinsk,40,KZ,1597839619,35,49.71,72.59,69.8,24.61
6180550,Whitehorse,75,CA,1597839592,87,60.72,-135.05,44.01,5.82
1496511,Novy Urengoy,89,RU,1597839619,42,66.08,76.63,71.89,13.18
3374210,São Filipe,51,CV,1597839620,81,14.9,-24.5,78.73,15.64
1524606,Derzhavīnsk,58,KZ,1597839620,41,51.1,66.32,64.38,18.5
2093846,Kiunga,56,PG,1597839620,95,-6.12,141.29,73.98,1.97
608271,Shubarkuduk,21,KZ,1597839620,35,49.14,56.49,70.36,15.26
2422465,Conakry,75,GN,1597839565,79,9.54,-13.68,84.2,9.17
1254046,Tura,28,IN,1597839620,85,25.52,90.22,79.75,4.72
3421719,Narsaq,20,GL,1597839621,62,60.92,-46.05,55.4,3.36
2016307,Solnechnyy,12,RU,1597839621,72,50.72,136.63,51.91,5.79
5924351,Clyde River,40,CA,1597839621,87,70.47,-68.59,50.0,3.36
3580477,West Bay,20,KY,1597839459,83,19.37,-81.42,84.99,6.15
1492566,Severo-Yeniseyskiy,100,RU,1597839473,98,60.37,93.04,57.97,3.15
2236967,Soyo,20,AO,1597839621,69,-6.13,12.37,78.8,6.93
6165406,Thompson,75,CA,1597839350,93,55.74,-97.86,57.2,8.05
935214,Saint-Pierre,90,RE,1597839622,53,-21.34,55.48,77.0,3.36
2388036,Bossangoa,85,CF,1597839622,64,6.49,17.46,86.83,2.8
3347019,Mossamedes,40,AO,1597839622,78,-15.2,12.15,71.6,11.41
609924,Emba,0,KZ,1597839622,32,48.83,58.14,71.06,14.85
103630,Najrān,20,SA,1597839622,12,17.49,44.13,105.8,9.17
261814,Ierapetra,0,GR,1597839623,70,35.01,25.74,84.2,4.7
2162662,Inverell,17,AU,1597839623,45,-29.78,151.12,51.01,5.99
143073,Ardakān,20,IR,1597839623,15,32.31,54.02,102.2,4.7
189741,Lamu,58,KE,1597839623,69,-2.27,40.9,80.31,13.73
2639912,Preston,40,GB,1597839624,82,53.77,-2.72,69.01,10.29
2457161,Gao,65,ML,1597839624,40,16.64,1.64,93.47,10.13
863061,Usinsk,100,RU,1597839624,69,65.99,57.53,64.9,13.15
5484874,Portales,1,US,1597839624,63,34.19,-103.33,66.99,3.36
4499379,Wilmington,75,US,1597839134,94,34.23,-77.94,75.99,2.3
5849996,Lahaina,1,US,1597839625,65,20.88,-156.68,77.0,12.75
1524296,Esil,43,KZ,1597839625,50,51.96,66.4,62.33,18.61
3883457,Lebu,0,CL,1597839625,74,-37.62,-73.65,42.35,12.01
64814,Bandarbeyla,40,SO,1597839625,56,9.49,50.81,86.0,29.44
3405051,Borba,0,BR,1597839625,54,-4.39,-59.59,84.45,2.04
4026082,Lázaro Cárdenas,98,MX,1597839625,82,17.96,-102.2,75.04,3.22
5859699,College,75,US,1597839626,76,64.86,-147.8,55.4,4.7
1489822,Tegul'det,59,RU,1597839626,76,57.31,88.17,67.35,3.91
4205615,Liberty,1,US,1597839626,94,31.83,-81.5,71.6,2.57
889215,Kariba,22,ZW,1597839545,36,-16.52,28.8,81.75,6.44
1529651,Altay,0,CN,1597839627,25,47.87,88.12,73.31,9.44
2208248,Kaitangata,59,NZ,1597839627,85,-46.28,169.85,48.0,1.34
503401,Pyshchug,0,RU,1597839627,44,58.89,45.71,60.24,9.93
2119283,Zyryanka,78,RU,1597839627,66,65.75,150.85,50.81,11.9
5954718,Flin Flon,75,CA,1597839627,93,54.77,-101.86,59.0,5.82
4513583,Hamilton,40,US,1597839515,87,39.18,-84.53,62.6,6.51
1804979,Juegang,0,CN,1597839628,85,32.32,121.19,81.18,9.69
513329,Ozinki,73,RU,1597839628,36,51.18,49.68,72.23,9.4
2544571,Kenitra,40,MA,1597839628,69,34.26,-6.58,78.8,6.93
212902,Kindu,21,CD,1597839628,33,-2.95,25.95,95.23,1.79
779082,Lakselv,40,NO,1597839629,63,70.05,24.97,64.4,18.34
3395981,Maceió,12,BR,1597839629,83,-9.67,-35.74,75.2,2.24
2129766,Kamiiso,40,JP,1597839629,94,41.82,140.65,75.2,10.29
1514792,Gazojak,0,TM,1597839629,12,41.19,61.4,89.31,8.25
1213500,Tebingtinggi,76,ID,1597839424,82,3.33,99.16,79.68,3.18
1650434,Bambanglipuro,0,ID,1597839630,79,-7.95,110.28,76.51,11.81
1634614,Nabire,100,ID,1597839630,84,-3.37,135.48,77.61,2.59
64435,Berbera,39,SO,1597839630,36,10.44,45.01,99.16,20.6
4946620,Palmer,46,US,1597839410,94,42.16,-72.33,63.0,1.43
3372964,Lagoa,15,PT,1597839630,64,39.05,-27.98,67.73,13.94
2396853,Omboué,98,GA,1597839631,74,-1.57,9.26,78.04,10.18
1486321,Yar-Sale,52,RU,1597839631,53,66.83,70.83,68.47,20.31
3832791,Villa Carlos Paz,66,AR,1597839631,36,-31.42,-64.5,46.0,19.46
2630299,Hofn,20,IS,1597839631,66,64.25,-15.21,51.8,12.75
3443061,Chui,0,UY,1597839631,68,-33.7,-53.46,50.27,14.34
4034551,Faanui,51,PF,1597839632,78,-16.48,-151.75,77.77,22.12
662285,Zărneşti,75,RO,1597839632,47,45.3,26.87,78.8,11.41
2444995,Filingué,55,NE,1597839632,44,14.35,3.32,93.16,10.2
2438855,Téra,62,NE,1597839632,45,14.01,0.75,91.83,10.38
3038789,Abbeville,100,FR,1597839382,78,50.1,1.83,73.99,10.38
5036493,Maple Grove,1,US,1597839433,82,45.07,-93.46,64.0,3.36
417594,Shahreza,13,IR,1597839424,10,32.03,51.88,99.09,9.1
2092164,Lorengau,19,PG,1597839633,80,-2.02,147.27,81.72,8.16
918905,Chinsali,62,ZM,1597839633,19,-10.54,32.08,89.49,8.3
1637001,Luwuk,27,ID,1597839633,79,-0.95,122.79,75.85,5.7
4167895,Pasco,47,US,1597839441,96,28.29,-82.42,75.99,3.36
2178753,Kirakira,99,SB,1597839633,85,-10.45,161.92,79.45,9.86
2284589,Mankono,99,CI,1597839633,79,8.06,-6.19,80.15,7.7
2037346,Fuxin,100,CN,1597839634,88,42.02,121.66,64.96,4.92
2632287,Dalvik,99,IS,1597839634,61,65.97,-18.53,50.0,12.75
1783621,Zunyi,96,CN,1597839634,86,27.69,106.91,71.58,2.98
2038342,Beipiao,99,CN,1597839634,95,41.79,120.78,62.33,4.14
4021858,Guerrero Negro,0,MX,1597839634,73,27.98,-114.06,74.79,4.83
3533426,Acayucan,75,MX,1597839635,88,17.95,-94.92,77.0,3.38
2120400,Tungor,90,RU,1597839635,84,53.38,142.96,51.94,18.19
3387423,Sítio Novo do Tocantins,87,BR,1597839635,51,-5.52,-47.46,84.49,5.77
2063056,Port Augusta,40,AU,1597839635,71,-32.5,137.77,53.6,9.17
3404558,Cabedelo,20,BR,1597839630,78,-6.98,-34.83,77.0,6.93
1581349,Ha Giang,98,VN,1597839635,82,22.83,104.98,78.39,0.98
513042,Pallasovka,74,RU,1597839636,36,50.05,46.88,76.21,8.48
2522333,Águilas,0,ES,1597839636,22,37.41,-1.58,96.8,10.29
2169068,Deniliquin,91,AU,1597839636,89,-35.53,144.97,46.0,1.01
2119538,Yelizovo,90,RU,1597839636,100,53.19,158.38,51.8,11.18
4033356,Tiarei,75,PF,1597839637,73,-17.53,-149.33,75.2,2.24
1856392,Muroto-misakicho,75,JP,1597839637,84,33.28,134.15,86.0,2.24
2192362,Christchurch,100,NZ,1597839494,93,-43.53,172.63,52.0,12.75
3123493,Ferrol,75,ES,1597839637,78,43.48,-8.24,75.2,23.04
3374083,Bathsheba,20,BB,1597839637,70,13.22,-59.52,84.2,19.46
371745,Kutum,56,SD,1597839637,41,14.2,24.67,87.22,11.65
1214488,Meulaboh,42,ID,1597839638,76,4.14,96.13,81.59,3.33
6355222,Yulara,62,AU,1597839638,30,-25.24,130.99,57.2,6.93
5557293,Sitka,90,US,1597839638,93,57.05,-135.33,53.6,4.81
2171722,Charters Towers,1,AU,1597839638,53,-20.1,146.27,66.72,5.12
2138592,Pouembout,5,NC,1597839638,80,-21.13,164.9,63.52,3.38
2522437,Adeje,0,ES,1597839639,30,28.12,-16.73,86.0,14.99
3461408,Ilhéus,84,BR,1597839639,89,-14.79,-39.05,73.78,9.01
6162654,Témiscaming,75,CA,1597839639,93,46.72,-79.1,55.0,2.24
89113,Ajdabiya,0,LY,1597839639,43,30.76,20.23,91.18,15.23
338345,Edd,32,ER,1597839639,43,13.93,41.69,98.08,12.97
578283,Korocha,65,RU,1597839640,25,50.81,37.2,87.8,6.71
3661756,Uarini,53,BR,1597839640,94,-2.99,-65.11,80.6,3.36
522945,Neftegorsk,66,RU,1597839640,41,52.8,51.17,65.8,10.4
2068110,Kununurra,52,AU,1597839640,52,-15.77,128.73,80.6,9.17
1264976,Leh,49,IN,1597839640,21,34.17,77.58,73.08,11.14
3901501,Villazón,0,BO,1597839641,66,-22.09,-65.59,33.44,4.56
1624041,Ternate,9,ID,1597839641,76,0.8,127.4,80.2,8.55
4564133,Dorado,40,PR,1597839641,74,18.46,-66.27,84.2,8.05
1502073,Krasnosel'kup,80,RU,1597839641,46,65.7,82.47,73.65,11.14
2180991,Tolaga Bay,100,NZ,1597839642,93,-38.37,178.3,55.22,11.16
3573374,The Valley,20,AI,1597839467,69,18.22,-63.06,86.0,12.75
1798537,Hanyang,85,CN,1597839642,88,32.14,105.51,72.0,1.28
1224061,Wattegama,20,LK,1597839642,56,6.8,81.48,93.2,17.22
6071496,Meaford,20,CA,1597839642,87,44.6,-80.58,59.0,2.24
3158300,Elverum,26,NO,1597839642,78,60.88,11.56,77.0,5.01
3792394,Mapiripán,99,CO,1597839643,94,2.89,-72.13,74.37,3.09
1270763,Gulābpura,96,IN,1597839643,74,25.9,74.67,86.32,11.41
140463,Birjand,20,IR,1597839643,8,32.87,59.22,95.0,16.11
2189343,Kaeo,11,NZ,1597839643,58,-35.1,173.78,54.0,1.99
2019135,Nizhniy Kuranakh,49,RU,1597839643,78,58.84,125.49,50.68,3.4
3361934,Saldanha,1,ZA,1597839644,55,-33.01,17.94,60.8,4.7
1337610,Thinadhoo,64,MV,1597839644,62,0.53,72.93,84.81,5.21
3430708,Mercedes,60,AR,1597839644,69,-34.65,-59.43,41.0,7.0
3837056,San Luis,98,AR,1597839395,63,-33.3,-66.34,38.73,12.64
1490256,Talnakh,0,RU,1597839644,25,69.49,88.4,75.2,11.18
3695844,Lagunas,0,PE,1597839644,86,-5.23,-75.68,74.75,1.39
3691094,Uchiza,9,PE,1597839645,81,-8.46,-76.46,70.3,1.97
3893629,Coquimbo,100,CL,1597839589,76,-29.95,-71.34,50.0,2.24
2450173,Taoudenni,0,ML,1597839645,13,22.68,-3.98,109.0,5.77
3939168,Huarmey,50,PE,1597839645,81,-10.07,-78.15,60.28,8.28
2501152,Constantine,25,DZ,1597839645,28,36.37,6.61,93.2,6.93
5711149,Altamont,1,US,1597839646,71,42.21,-121.74,57.0,3.49
3576994,Cockburn Town,12,TC,1597839646,80,21.46,-71.14,83.16,18.5
57000,Hobyo,94,SO,1597839646,68,5.35,48.53,81.81,24.92
2152659,Port Macquarie,0,AU,1597839646,53,-31.43,152.92,64.4,19.46
1064258,Ikalamavony,0,MG,1597839646,25,-21.15,46.58,81.82,6.08
4009788,El Fuerte,10,MX,1597839647,80,26.42,-108.62,79.27,2.08
6111696,Port-Cartier,75,CA,1597839647,93,50.03,-66.87,61.0,9.17
218680,Boende,76,CD,1597839647,48,-0.22,20.87,91.2,3.85
3421319,Nuuk,5,GL,1597839647,71,64.18,-51.72,51.8,3.36
487495,Sterlitamak,15,RU,1597839647,56,53.62,55.95,59.5,15.64
358048,Damietta,0,EG,1597839647,58,31.42,31.81,86.0,4.7
3654410,Manta,97,EC,1597839648,82,-0.95,-80.73,68.83,8.81
2110560,Yamada,4,JP,1597839648,78,39.47,141.95,76.42,5.3
2186111,Ngunguru,1,NZ,1597839648,58,-35.62,174.5,54.0,1.99
986717,Kruisfontein,28,ZA,1597839648,63,-34.0,24.73,57.99,8.99
1052373,Beira,0,MZ,1597839649,78,-19.84,34.84,78.8,17.22
1061605,Manakara,0,MG,1597839649,62,-22.13,48.02,76.15,13.6
4034496,Fare,50,PF,1597839649,78,-16.7,-151.02,77.79,23.06
342567,Bedelē,85,ET,1597839649,83,8.46,36.35,67.17,5.95
5836068,Rawlins,1,US,1597839649,43,41.79,-107.24,57.99,3.36
2016733,Shestakovo,47,RU,1597839649,59,56.49,103.96,69.96,3.02
543396,Koygorodok,100,RU,1597839650,73,60.45,51.0,52.39,11.36
608270,Shubarshi,0,KZ,1597839650,28,48.59,57.19,72.99,12.68
895953,Zambezi,0,ZM,1597839650,11,-13.54,23.1,93.45,5.73
2412408,Nioro,100,GM,1597839650,69,13.35,-15.75,87.13,6.13
3450083,Santa Maria,25,BR,1597839650,93,-29.68,-53.81,55.4,2.24
2629833,Husavik,99,IS,1597839651,61,66.04,-17.34,50.0,12.75
2028462,Ulaanbaatar,40,MN,1597839600,82,47.91,106.88,57.2,8.95
215605,Kabare,50,CD,1597839651,25,-2.47,28.82,86.07,6.31
527012,Mikhaylovka,69,RU,1597839651,37,50.06,43.24,82.02,6.91
237379,Ndélé,99,CF,1597839651,92,8.41,20.65,73.58,1.99
2013406,Vidim,62,RU,1597839652,65,56.41,103.11,69.19,3.02
140951,Behbahān,0,IR,1597839652,8,30.6,50.24,114.8,13.87
1734313,Paka,40,MY,1597839652,88,4.64,103.44,77.0,3.36
2467813,Rafrāf,44,TN,1597839652,36,37.19,10.18,95.0,9.17
5392952,Santa Barbara,1,US,1597839652,88,34.42,-119.7,69.01,3.36
3533462,Acapulco de Juárez,90,MX,1597839652,88,16.86,-99.89,77.0,2.24
1633419,Padang,89,ID,1597839652,74,-0.95,100.35,80.91,1.07
1563281,Tuy Hoa,94,VN,1597839653,80,13.08,109.3,78.98,4.16
3733380,Campoverde,20,PE,1597839653,74,-8.48,-74.81,76.24,1.16
1529376,Korla,89,CN,1597839653,21,41.76,86.15,87.73,11.72
3690172,Algarrobo,89,CO,1597839653,88,10.19,-74.58,78.01,7.45
8079926,Labuhan,3,ID,1597839653,69,-6.88,112.21,81.19,10.49
3401283,Currais Novos,27,BR,1597839653,44,-6.26,-36.52,79.88,22.28
1688696,San Policarpo,100,PH,1597839653,87,12.18,125.51,78.93,7.54
2094342,Kavieng,19,PG,1597839654,74,-2.57,150.8,82.87,6.46
1267433,Kattivākkam,75,IN,1597839654,59,13.22,80.32,91.4,6.93
3468020,Camapuã,1,BR,1597839654,25,-19.53,-54.04,81.14,7.96
3839307,Rawson,28,AR,1597839492,81,-43.3,-65.1,35.85,17.69
529368,Marfino,99,RU,1597839654,48,55.7,37.38,68.0,4.47
1511057,Bakchar,21,RU,1597839654,65,57.02,82.07,67.42,4.27
1861280,Itoman,20,JP,1597839654,74,26.12,127.67,86.0,8.05
2297810,Mumford,95,GH,1597839655,78,5.26,-0.76,78.08,13.42
2185329,Otane,100,NZ,1597839655,94,-39.88,176.63,52.0,1.01
2074865,Carnarvon,70,AU,1597839655,68,-24.87,113.63,64.4,13.87
1538648,Toktogul,4,KG,1597839655,41,41.87,72.94,74.88,1.5
2422383,Dalaba,100,GN,1597839655,95,10.7,-12.25,71.49,2.75
1174451,Keti Bandar,26,PK,1597839655,74,24.14,67.45,87.55,19.75
964712,Plettenberg Bay,68,ZA,1597839656,54,-34.05,23.37,56.97,12.68
5866063,Kenai,90,US,1597839656,87,60.55,-151.26,55.4,5.82
5983607,Inuvik,40,CA,1597839592,87,68.35,-133.72,46.4,5.82
4074277,Madison,1,US,1597839650,100,34.73,-86.57,70.0,3.36
2161515,Kiama,33,AU,1597839656,62,-34.68,150.87,55.0,17.0
3103556,Białogard,60,PL,1597839370,50,54.01,15.99,79.0,7.49
2126710,Beringovskiy,36,RU,1597839656,68,63.05,179.32,50.68,4.79
581228,Arbazh,12,RU,1597839657,54,57.68,48.31,60.3,12.35
1526041,Atasū,8,KZ,1597839657,29,48.68,71.64,73.4,21.12
3402648,Carutapera,100,BR,1597839657,67,-1.2,-46.02,83.41,10.36
5509851,Pahrump,0,US,1597839657,35,36.21,-115.98,79.0,1.16
3137469,Sørland,75,NO,1597839657,81,67.67,12.69,53.6,11.41
3652758,Puerto Baquerizo Moreno,54,EC,1597839657,91,-0.9,-89.6,65.88,13.73
1655559,Luang Prabang,40,LA,1597839658,74,19.89,102.13,84.2,2.24
6316343,Alta Floresta,0,BR,1597839658,24,-9.88,-56.09,82.98,4.41
2253354,Dakar,20,SN,1597839658,74,14.69,-17.44,87.8,9.17
3353383,Rundu,0,NA,1597839658,17,-17.93,19.77,75.18,7.31
2514651,Los Llanos de Aridane,20,ES,1597839658,69,28.66,-17.92,78.8,13.87
2206874,Waipawa,100,NZ,1597839658,93,-41.41,175.52,53.6,5.82
2138555,Poum,21,NC,1597839659,73,-20.23,164.02,70.32,4.81
3125287,Cervo,36,ES,1597839659,75,43.67,-7.41,73.99,21.99
2638419,Scarborough,84,GB,1597839659,72,54.28,-0.4,71.01,3.0
2016942,Seryshevo,0,RU,1597839659,74,51.09,128.38,53.2,6.42
345353,Adet,99,ET,1597839659,66,11.26,37.49,70.29,2.48
1516048,Khovd,0,MN,1597839659,28,48.01,91.64,74.37,2.95
215668,Kabalo,13,CD,1597839364,11,-6.05,26.92,108.05,3.6
1274553,Baghmara,28,IN,1597839660,69,23.8,86.21,86.99,11.36
2996268,Manche,90,FR,1597839660,88,49.0,-1.17,68.0,17.22
2662689,Visby,7,SE,1597839660,64,57.64,18.3,80.01,9.17
3401845,Conceição do Araguaia,0,BR,1597839611,30,-8.26,-49.26,87.87,9.28
1638775,Payo,43,ID,1597839660,74,-3.75,103.64,79.09,2.48
778707,Mehamn,20,NO,1597839661,72,71.04,27.85,59.0,11.41
141736,Bam,5,IR,1597839661,9,29.11,58.36,103.59,11.68
1857260,Mikuni,40,JP,1597839661,74,36.22,136.15,82.4,5.82
3728097,Les Cayes,1,HT,1597839661,77,18.2,-73.75,81.25,4.25
1813851,Dangtu,3,CN,1597839662,63,31.57,118.49,91.4,2.24
2214827,Mizdah,0,LY,1597839662,8,31.45,12.98,107.26,10.76
3397763,Jacareacanga,0,BR,1597839662,39,-6.22,-57.75,82.35,2.51
699942,Nizhyn,50,UA,1597839662,28,51.05,31.89,86.25,7.45
1185270,Bāndarban,90,BD,1597839662,88,22.2,92.23,80.6,13.87
3698540,Chachapoyas,13,PE,1597839663,87,-6.23,-77.87,54.45,0.58
2185763,Okato,54,NZ,1597839663,94,-39.2,173.88,51.01,5.01
1140025,Herat Province,0,AF,1597839663,14,34.5,62.0,91.4,17.22
1082243,Ambilobe,60,MG,1597839663,30,-13.2,49.05,89.8,7.83
336454,Ginir,98,ET,1597839663,69,7.13,40.7,68.63,9.93
2392087,Porto-Novo,70,BJ,1597839664,56,6.5,2.6,86.05,13.06
2122293,Ozernovskiy,100,RU,1597839664,82,51.5,156.52,53.13,17.29
3372472,Vila Franca do Campo,20,PT,1597839664,60,37.72,-25.43,75.2,13.87
2127202,Anadyr,51,RU,1597839664,80,64.75,177.48,41.0,6.71
2270385,Camacha,20,PT,1597839664,61,33.08,-16.33,78.8,9.17
775986,Bielsk Podlaski,97,PL,1597839665,59,52.77,23.19,79.0,1.01
2109528,Buala,17,SB,1597839665,77,-8.14,159.59,80.64,2.42
504391,Psebay,0,RU,1597839665,30,44.12,40.81,83.68,0.92
4474436,Kinston,1,US,1597839645,94,35.26,-77.58,73.99,2.53
1927639,Yueyang,74,CN,1597839448,73,29.33,113.09,85.06,8.01
1215502,Banda Aceh,69,ID,1597839665,76,5.56,95.32,82.09,9.84
5905393,Bonavista,100,CA,1597839665,76,48.65,-53.11,60.01,3.0
1733874,Beaufort,20,MY,1597839666,88,5.35,115.75,82.4,2.15
2961651,Rush,75,IE,1597839666,93,53.52,-6.09,60.8,12.75
1735634,Kuching,40,MY,1597839666,88,1.55,110.33,80.6,5.82
1786657,Yinchuan,0,CN,1597839666,30,38.47,106.27,78.62,9.8
4174715,Tallahassee,75,US,1597839397,94,30.44,-84.28,73.4,4.7
1736376,Kota Bharu,20,MY,1597839666,74,6.13,102.24,84.2,6.93
3451399,Ribas do Rio Pardo,0,BR,1597839667,25,-20.44,-53.76,82.47,12.53
236901,Ouadda,100,CF,1597839667,90,8.08,22.4,71.6,2.15
2460954,Araouane,10,ML,1597839667,32,18.9,-3.53,98.64,11.59
2013279,Vostok,60,RU,1597839667,99,46.49,135.88,52.29,3.69
3829343,Orito,67,CO,1597839667,84,0.68,-76.88,71.71,3.04
2435124,Bitkine,81,TD,1597839668,73,11.98,18.21,80.73,4.9
1539209,Gubkinskiy,100,RU,1597839668,91,64.43,76.5,60.84,14.83
10722858,Forsytheganj,74,BY,1597839668,54,52.63,29.73,80.33,4.63
88533,Awjilah,0,LY,1597839668,14,29.11,21.29,100.81,11.72
2028028,Aksha,7,RU,1597839668,72,50.28,113.29,55.31,5.95
1626932,Singaraja,45,ID,1597839668,74,-8.11,115.09,78.89,4.52
555994,Ishcherskaya,0,RU,1597839669,35,43.72,45.13,87.8,13.42
162099,Abadan,75,TM,1597839669,19,38.05,58.21,96.8,13.87
1045114,Inhambane,75,MZ,1597839669,56,-23.86,35.38,71.6,25.28
3166387,Sora,20,IT,1597839669,40,41.72,13.61,93.0,3.36
5563397,Eureka,88,US,1597839374,100,40.8,-124.16,55.0,2.86
3903320,Tarija,45,BO,1597839391,34,-21.54,-64.73,57.79,3.02
3871336,Santiago,90,CL,1597839398,87,-33.46,-70.65,44.6,2.24
933995,Souillac,40,MU,1597839620,60,-20.52,57.52,75.2,17.22
608872,Makat,11,KZ,1597839670,18,47.65,53.35,80.47,9.71
2449893,Tessalit,0,ML,1597839670,12,20.2,1.01,103.89,15.7
2084442,Vanimo,16,PG,1597839670,78,-2.67,141.3,79.18,2.37
1490796,Strezhevoy,20,RU,1597839670,72,60.73,77.59,60.8,6.71
2240449,Luanda,75,AO,1597839378,65,-8.84,13.23,78.8,5.82
3162108,Ballangen,40,NO,1597839671,66,68.34,16.83,55.4,20.8
2020838,Lensk,28,RU,1597839671,53,60.73,114.93,58.26,1.61
2126785,Belaya Gora,80,RU,1597839671,83,68.53,146.42,40.17,10.45
4409896,Springfield,20,US,1597839583,93,37.22,-93.3,61.0,3.36
1028434,Quelimane,25,MZ,1597839671,30,-17.88,36.89,95.0,3.36
1622318,Waingapu,0,ID,1597839671,74,-9.66,120.26,75.6,6.38
290030,Doha,0,QA,1597839671,53,25.29,51.53,100.0,9.17
3430443,Necochea,77,AR,1597839672,76,-38.55,-58.74,43.0,20.0
3985168,San Patricio,75,MX,1597839672,74,19.22,-104.7,78.8,4.74
7647007,Bariloche,9,AR,1597839672,67,-41.15,-71.31,21.2,4.7
610864,Khani,0,GE,1597839672,58,41.96,42.96,84.2,11.41
3835869,Santiago del Estero,50,AR,1597839672,40,-27.8,-64.26,54.82,17.69
1895695,Kushima,40,JP,1597839672,83,31.46,131.23,84.2,3.36
1505991,Igarka,0,RU,1597839672,48,67.47,86.58,71.02,10.58
1831112,Kampot,40,KH,1597839673,83,10.62,104.18,82.4,4.7
3358670,Arandis,0,NA,1597839673,60,-22.42,14.97,66.0,11.18
5742974,North Bend,90,US,1597839673,100,43.41,-124.22,57.99,1.79
2638698,Saint Stephen,75,GB,1597839673,94,50.33,-4.9,68.0,23.04
2134814,Sola,50,VU,1597839674,88,-13.88,167.55,79.03,14.09
3466980,Caravelas,39,BR,1597839674,83,-17.71,-39.25,75.79,8.03
1502066,Krasnoshchekovo,81,RU,1597839674,40,51.67,82.73,71.58,5.84
